ردیف,پرسش,پاسخ
صدور بیمه نامه انفرادی - خانواده,,
1,آيا تمامي طرح هاي بيمه درمان تکميلي (عقيق،سرو،سپیدار،افرا ) را ميتوان بصورت انفرادي يا خانودگي تهيه نمود؟,بله تمامي طرح ها هم بصورت انفرادي هم خانواده قابل خريداري هستند.در صورتیکه 3 نفر و بیشتر در یک خانواده طرح یکسان را خریداری نمایند در قالب خانواده بحساب می آیند.
2,اگر در بیمه نامه خانواده صدور یکی از افراد تائید نگردد بیمه برای افراد دیگر خانواده صادر می گردد؟,بله طبق آیین نامه 99 بیمه مرکزی هرکدام از اعضا که فرم سلامتشان تایید شود صادر میشود.
3,آیا یک نفر می تواند خواهر و برادر خود را تحت تکفل داشته باشد؟,فقط در صورتیکه نام آن شخص در بیمه ی پایه اش قید شده و شخص سرپرستش باشد(تحت تکفل بیمه شده ی اصلی باشد)  امکان پذیر می باشد.
4,  در بیمه نامه درمان تکمیلی که به صورت خانواده صادر شد است طرح بیمه شده ی اصلی با افراد تحت پوشش به چه صورت باید باشد؟,طرح بیمه شده ی اصلی با افراد تحت پوشش باید یکسان باشد، درصورت انتخاب طرح های مختلف هر فرد باید بیمه گزار خودش باشد(طرح انفرادی بخرد)
5,کسي که قبلا سابقه سرطان داشته بيمه تکميلي ميشود؟,باید فرم پرسشنامه تکمیل نمایند و سوابق بیمار خود را ذکر نمایند تا پزشک اظهار نظر نمایند.
6,بيمه نامه انفرادي براي چه اشخاصي صادر نمي شود؟,اشخاصی که دچار امراض خاص هستند معمولا مورد تایید قرار نمی گیرند،با این حال فرم سلامت را پر کرده، نظر پزشک معتمد پس از بررسی پرسشنامه سلامت، صدور و یا عدم صدور بیمه نامه برای ایشان  مشخص می نماید.
7,آیا برای فرد زیر 18 سال بیمه نامه درمان تکمیلی صادر می شود؟,بله اما تنها در صورتی بیمه نامه صادر می شود که حتما یکی از والدین او  طرحی یکسان با فرزند زیر 18 سال خود داشته باشد.
8,جهت صدور بیمه تکمیلی انفرادی و خانواده در صورتیکه شخص قصد پرداخت بصورت اقساط داشته باشد آیا می تواند چکی که بنام شخص دیگر است تحویل نماینده دهد؟,خیر -چک میبایست فقط بنام شخص بیمه شده ی اصلی باشد.
9,ثبت یا ویرایش شماره شبا در بیمه های انفرادی و خانواده به چه صورت است؟, ثبت و یا ویرایش شماره شبا فقط توسط واحد صدور(نماینده)انجام میشود ،پس از ثبت توسط نماینده بیمه شده به واحد مالی درمانت (داخلی 7730)  اطلاع دهد
10,شماره شبای اعلامی جهت واریز خسارت  می تواند به نام شخص دیگری ثبت شود؟,در موارد استثنا  شخص با درخواستی مهمور در سربرگ که امضا و تاریخ در آن قید شده باشد با تایید بیمه گر انجام میشود.
11,روش پرداخت حق بیمه درمان تکمیلی انفرادی و خانواده به چه شکل است ؟,"الف)به صورت نقدی:10%تخفیف شامل می شود
ب)به صورت اقساطی:حداقل 30% پیش پرداخت و مابقی را نهایتا طی 9 قسط مساوی متوالی ماهانه یا 3 قسط متوالی مساوی 3 ماهه پرداخت نماید که صرفا با دریافت چک امکان پذیر می باشد."
12,ایا بیمه درمان مالیات دارد؟ ,خیر مالیات حذف شده است.
13,بعد از صدور بیمه های خانواده یا حتی گروهی امکان تغییر طرح وجود دارد؟,تغییر طرح فقط در زمان سررسید با تایید پزشک معتمد امکان پذیر است.
14,در صورت تغییر طرح در تمدید بیمه نامه های خانواده در شرایطی که افزایش پوشش داشته باشند دوره های انتظار حذف می گردد؟,دوره ی انتظار ارتباطی به تغییر طرح ندارد-اگر از تاریخ پایان پوشش تا 30 روز تمدیدی انجام شود دوره انتظار حذف میشود.
15,آیا برای فردی که بیمه پایه ندارد بیمه تکمیلی انفرادی و خانواده  صادر می شود؟,بله با 18 درصد اضافه نرخ بدون بیمه پایه ، بیمه تکمیلی صادر می شود.
16,کدام یک از شرکت های بیمه پایه مورد تایید بیمه سامان می باشد؟,تامین اجتماعی-خدمات درمانی-نیروهای مسلح-سلامت ایرانیان(سلامت همگانی مورد قبول نمی باشد.)
17,آیا کسی می تواند از یک شرکت دو بیمه نامه انفرادی و گروهی داشته باشد؟,خیر، از یک شرکت بیمه تنها می توان یک بیمه نامه درمان تکمیلی تهیه کرد.
18,آیا کسی می تواند از چند شرکت مختلف بیمه نامه های درمان داشته باشد؟,بله طبق آیین نامه 99 بیمه مرکزی داشتن بیمه تکمیلی از چند شرکت بیمه ای امکان پذیر است ،منتهی بخشی از هزینه را از بیمه سامان می تواند دریافت کند و بخش دیگر را از شرکت ثانویه،(ابتدا بیمه گر پایه سهم خسارت خود را پرداخت می کند ،سپس بیمه گران تکمیلی قدرالسهم خود را از خسارت پرداخت می کنند.)بیمه شده در اولویت مراجعه به هر کدام از شرکت های بیمه مخیر است .مدارک ارسال می کنند بررسی می شود خسارت تا سقفی انجام می شود که هزینه درمان شخص جبران شود نه بیشتر.
19,در چه مواردی حتی اگر بیمه گزار اعلام کند سالم است فرم سلامت توسط پزشک معتمد حتما بررسی می گردد؟,         سن بالای 60 سال-سن کمتر از 5 سال -  BMبالای 35 -BMIکمتر از 19 -  در صورتیکه شخص ورزشکار حرفه ای باشد و مواردی دیگر که واحد صدور به بیمه شده اعلام میکند.
20,در چه صورتی نیاز نیست فرم سلامت را پزشک معتمد بررسی کند؟,اگر شخص در فرم بیمه سلامت اعلام کرده باشد سالم است و هیچ مشکلی از لحاظ سلامتی ندارد بیمه گر اصل را بر حسن نیت و صداقت بیمه گزار می گذارد                                     و همچنین اگر این 4 جراحی در فرم سلامت ذکر شوند نیازی به بررسی پزشک معتمد نمی باشد:عمل زیبایی بینی-عمل سزارین-عمل لوزه ی سوم-عمل آپاندیس در صورتیکه بیمه گزار در فرم سلامت اعلام کرده باشد نتیجه ی عمل رضایت بخش بوده است 
21,فرانشیز در طرح های انفرادی و خانواده به چه صورت است؟,از 1401/07/27 طرح های درمان خانواده با دو فرانشیز 10 و 30 درصد طراحی شده اند که بیمه گزار می تواند یکی از این موارد را درخواست نماید. (در فناوران درصد فرانشیز ابتدای نام هر طرح درج شده است).
22,اضافه نرخ سنی در طرح های انفرادی و خانواده به چه صورت می باشد؟,روال ثبت اضافه نرخ سنی تغییر یافته است و برای افراد 0 تا 60 سال اضافه نرخ معادل صفر و برای 61 تا 70 سال تمام 50 درصد، و برای مشتریان وفادار که دو سال متوالی بیمه درمان داشته اند 200 درصد است.
23,قبل از صدور بیمه کسی که بیماری یا عمل داشته باشه در فرم پرسشنامه بیماری یا عملش را بنویسد، بیمه صادر شود بعد از گذشت دوره انتظار به ایشان پرداخت میگردد یا خیر؟,اگر جزو موارد استثنا نباشد بله 
24,آیا بیمه نامه انفرادی فسخ می شود؟,فقط با تایید بیمه گر در شرایط خاص انجام میشود مثل فوت (اراِیه گواهی فوت)و طلاق (ارایه طلاقنامه)،مهاجرت ،از دست دادن شغل و نداشتن درآمد بیمه گزار درخواست فسخ ارسال می نماید این موضوع توسط شعبه سرپرستی واحد صدور بررسی و در صورت تایید الحاقیه ی فسخ توسط واحد صدور ثبت میگردد یا ممکن است بعلت نارضایتی بیمه گزار از واحد صدور یا نحوه پرداخت خسارت و ...درخواست فسخ را طی شکایت به بیمه ی مرکزی یا واحد شکایات بیمه سامان ارسال نمایدکه این مورد نیز پس از بررسی و در صورت تایید ستاد منجر به فسخ از طرف بیمه گزار می گردد.      **نکته**در صورت دریافت خسارت حق بیمه به بیمه شده عودت نمی گردد
25,نحوه ی ابطال بیمه نامه درمان به چه شکل است؟,اگر ابطال به دلیل منصرف شدن بیمه گزار باشد فقط تا 15 روز پس از تاریخ صدور به شرطی که خسارتی از بیمه سامان دریافت نکرده باشد انجام می شود و حق بیمه عودت میخورد.(درخواست خود را بصورت کتبی همراه با نام و نام خانوادگی،تاریخ و امضا تحویل عامل صدور دهد.)
26,آیا جهت تغییر طرح لازم است فرم پرسشنامه پر شود؟,بله
27,اگر در بیمه نامه خانواده به علت عدم حسن نیت بیمه برای یکنفر از اعضای خانواده ابطال شود  بیمه نامه ی افراد دیگر خانواده  فعال می ماند؟,خیر 
28,مشتریان وفادار در بیمه تکمیلی انفرادی و خانواده به چه کسانی گفته می شود؟,شامل مشتریانی می باشد که بیمه نامه  تکمیلی ایشان حداقل برای 2 سال متوالی در شرکت بیمه سامان تمدید شده باشد.
29,اتباع خارجی که درخواست صدور بیمه تکمیلی دارند می بایست مدت اقامتشان در ایران به چه صورت باشد؟,برای اتباع و مهاجرین خارجی حتما می بایست اقامت ایشان در ایران  6 ماه و بیشتر باشد در صورتیکه اقامت کمتر از 6 ماه  داشته باشند صدور بیمه تکمیلی امکانپذیر نیست.
30,آیا صدور بیمه تکمیلی برای اتباع امکان پذیر است؟,بله، در صورت درخواست فرد و ارائه مدارک: کد اتباع، گذرنامه ی معتبر، گواهی اشتغال به کار بلامانع است.
31,مدت زمان اضافه شدن به لیست بیمه سرپرست برای موارد ازدواج و تولد چه قدر میباشد؟,مدت زمان اضافه شدن به لیست سرپرست در مورد ازدواج یک ماه و در مورد تولد دو ماه میباشد.
32,آیا در طرح های انفرادی و خانواده(طرح عقیق-سرو-سپیدار-افرا) متقاضی می تواند  پوشش زایمان و یا بیماری هایی که سابقه قبلی دارند حذف نماید؟,متقاضی امکان درخواست حذف پوشش ندارد _در طرح های جدید بنا بر تشخیص پزشک معتمد می توان بیمه درمان را با استثنا نمودن بیماری صادر نمود و هزینه پوشش مذکور کسر می گردد.جهت استثنا نمودن بیماری، پزشکان معتمد نظر خود را می بایست به تایید پزشکان ستاد برسانند و در زمان صدور بیمه نامه تصویر تایید یه پزشک ستاد در فناوران بارگزاری شده و عین متن پزشک ستاد در شرایط خصوصی درج گردد.
33,در چه صورت دوره انتظار بیمه نامه های انفرادی و خانواده صفر خواهد شد؟,در صورتیکه بیمه نامه ای که در سامان دارد تمام شود تا 30روز  فرصت تمدید وجود دارد در این صورت برای بیمه نامه بعدی دوره انتظار صفر خواهد شد و در صورتیکه شخص بیمه نامه بصورت انفرادی یا گروهی در شرکت بیمه ای دیگری داشته باشد در صورت اخذ نامه از ستاد شرکت بیمه گر به شرط آنکه از تاریخ اتمام آن بیشتر از یکماه نگذشته باشد.
34,شرایط بیمه شدن نوزاد چیست ؟ (در انفرادی و خانواده),تادو ماهگی نوزاد می توانند درخواست خود را به واحد صدورشان اعلام نمایند مدارک ارائه دهند و فرم سلامت را برای نوزاد پر کنند پزشک معتمد بررسی نمایند در صورت تایید پزشک  از بدو تولد صادر می شود در غیر اینصورت باید تا سر سال بیمه ای والد صبر نمایند_اگر نوزاد به هر علتی در NICUبستری باشد پزشک سامان تایید نمی دهد که بیمه صادر شود.(بعد از اینکه نوزاد مرخص شد و سلامتی خود را بدست آورد می توانند با مراجعه به نماینده درخواست خود را ثبت کنند پزشک معتمد بررسی نماید.)
35,طرح های مدکاور چیست ؟ در صورتیکه شخص حین خرید از اپلیکیشن 724 به مشکلی برخورد و بابت موارد صدور و قرارداد طرح های مد کاور با چه شخصی می توانند پیگیری نمایند؟,"طرح های مدکاور برای افرادی صادر می شود که بیماری خاصی دارند و با خرید این بیمه نامه آن بیماری مستثنی از تعهدات بیمه می شود- حق بیمه بسته به سن، جنسیت، بیماری مشخص می شود اما تخفیفات نقدی و خانواده را دارا می باشد-خرید طرح های مدکاور از اپلیکیشن 724 انجام میشود و شخص با پاسخ دادن به چند سوال متوجه صدور یا عدم صدور بیمه  ی تکمیلی مدکاور میشود - در صورتیکه شخص بابت موارد مربوط به صدور و یا قرارداد و یا حین خرید به مشکلی برخوردند می توانند از طریق ""پیامک"" یا ""واتسپ"" با شماره ی 09108608757 خانم قمصری در ارتباط باشند. "
36, در صورتیکه بیمه نامه در سیستم فناوران ثبت شده باشد به معنای صدور و شروع پوشش ها است؟,خیر، بیمه نامه فاقد شماره بیمه نامه فقط ثبت شده ولی پوشش ها شروع نشده است.
37,در صورتیکه شخص درخواست صدور بیمه تکمیلی داشته باشد و پزشک معتمد درخواست ایشان را تایید نکند چه اتفاقی رخ می دهد؟,صدور بیمه تکمیلی به نظر پزشک معتمد سامان بستگی دارد و اگر پزشک صلاح نداند برای شخص بیمه نامه ی تکمیلی صادر شود نام ایشان در لیست سیاه سامان قرار داده می شود و از طریق هیچ نماینده ی دیگری نمیتوانند درخواست صدور بیمه تکمیلی دهند.
38,آیا خانم های باردار می توانند هر کدام از 4 طرح های انفرادی و خانواده (عقیق-سرو-سپیدار-افرا)خریداری نمایند؟,بله،بیمه شده می بایست طرح مورد نظر و وضعیت سلامت خود را در پرسشنامه قید نماید و با توجه به بررسی و مطابق نظر پزشک معتمد صادر خواهد شد.
صدور بیمه نامه گروهی ,,
1,بیمه گزار در طرح های sme چه شخصی است؟,بیمه گزار شخص حقوقی (و یا کارفرمای حقیقی عنوان شده در لیست بیمه گر پایه با کد کارگاه )است که مشخصات وی در بیمه نامه ذکر گردیده و متعهد به پرداخت حق بیمه بوده و می بایست دارای کد اقتصادی باشد،در صورتیکه کد اقتصادی نداشته باشند اعلام کد کارگاه الزامی است.
2,بيمه نامه درمان گروهي براي چند نفر صادر مي شود؟,با توجه به طرح های جدید sme  شرکت های کوچک و متوسط هم می توانند بیمه نامه گروهی داشته باشند و حداقل تعداد پرسنل باید 20 نفر باشد اما اگر کمتر از این تعداد هم باشند می توانند درخواست خود (لیست بیمه و طرح های انتخابی پرسنل ) را به نماینده ارائه دهند تا بررسی شود. و برای پرسنل با تعداد بیشتر با شماره 8943 تماس گرفته فرم پیشنهاد ممهور خود را ارائه دهند تا بررسی شود.
3,اعلام نرخ جهت سازمانها و شرکتها به چه صورت می باشد ؟,با توجه به ارسال نامه رسمی از سوی بیمه گزار (سازمانها و شرکتها)و یا تکمیل فرم پیشنهاد ممهور به مهر و امضاء بیمه گزار موارد توسط شعب و سرپرستی های مناطق بررسی و درصورت صلاحدید و دستورالعمل اقدام لازم صورت می پذیرد.
4,در طرح های sme که  برای پرسنل یک شرکت صادر شود می توان طرح های متفاوت صادر کرد؟,پرسنل می توانند طرح های متفاوت داشته باشند اما بیمه شده اصلی با افراد تحت پوشش  میبایست یکی باشد.
5,آیا  طرح های  sme را میتوان بصورت انفرادی یا خانودگی تهیه نمود؟,خیر-در حال حاضر طرح های sme فقط در قالب حقوقی و به صورت گروهی صادر می شود.
6,مدت زمان اضافه شدن به لیست بیمه سرپرست برای موارد ازدواج و تولد چه قدر میباشد؟,مدت زمان اضافه شدن به لیست سرپرست در مورد ازدواج یک ماه و در مورد تولد دو ماه میباشد.
7,در بیمه گروهی فرزند متولد شده از سقف مادر برای nicu میتواند استفاده کند؟,منابع انسانی شرکت باید نامه ای مکتوب + مستندات پدر و مادر+ گواهی ولادت+ شناسنامه+ نامه مکتوب ممهور بیمه کذار(شرکت) که تایید کند فرزند به بیمه حتما اضافه میگردد، با طی شدن این مراحل فرزند از سقف بیمه خود پرداخت میشود.
8,مستثنی از گروه سایر در قراردادهای گروهی به چه مفهومی می باشد؟,یعنی موارد ذکر شده تحت پوشش می باشد و از سقف مربوطه کسر میگردد
9,دارندگان دستگاه پز سامان و یا مشتریان ویژه بانک سامان جهت خرید بیمه تکمیلی چه اقدامی انجام دهند؟,به شعبه ی بانکی که حساب دارند و مشتری ویژه اش هستند  و یا دستگاه پز را از آن شعبه تحویل گرفتند مراجعه کنند و یا با شماره 22622952و 51 و یا شماره موبایل 09999928943 بانک-بیمه تماس بگیرند.
10,در چه صورت قرارداد بیمه تکمیلی گروهی  شرکت دیگری جز سامان مورد قبول بیمه سامان می باشد؟دوره انتظار حذف میگردد؟,اگر کل شرکت بیمه گروهی شان را تا 30روز از شرکت قبلی انتقال بدهد به سامان سوابق حفظ خواهد شد،و دوره انتظار حذف میگردد و همچنین اگر پرسنل شرکت بالای 1000نفر باشند دوره انتظار حذف می گردد.
11,آیا طرح های sme تخفیف دارند؟,خیر
12,آیا مراکز درمانی مثل  بیمارستان ها ،کلینیک ها میتوانند درخواست صدور بیمه تکمیلی گروهی سامان را برای پرسنل خود داشته باشند؟,سیاست بیمه سامان بدین صورت می باشد که برای پرسنل مراکز درمانی مثل بیمارستان ها ،کلینیک ها و ... صدور بیمه تکمیلی درمان  بشکل گروهی انجام نمی پذیرد.
13,در طرح های sme بیمه پایه ی پرسنل به چه صورت میبایست باشد؟,دارا بودن بیمه گر پایه جهت صدور sme الزامی می باشد.
14,اضافه نرخ در طرح های sme به چه صورت است؟,برای بیمه شدگان 61-70 سال معادل 50% و برای بیمه شدگان71-75 سال که صرفا بیمه شدگان وفادار امکان استفاده دارند،معادل 200% می باشد.
15,فرانشیز در طرح های sme به چه صورت است؟,فرانشیز 10% می باشد.
16,جهت صدور طرح های sme شرکت یا مجموعه می بایست حتما کد اقتصادی داشته باشند؟,استفاده از بیمه نامه های درمان گروههای کوچک و متوسط (SME) در قالب درمان خانواده برای گروههای کوچک و متوسط، در صورتی امکان پذیر است که کارگاه دارای کد اقتصادی یا کارگاهی و دارای لیست تامین اجتماعی باشند.
17,آیا در طرح های sme بیمه شده اصلی و فرعی می بایست فرم سلامت را تکمیل کنند؟,برای هر بیمه شده اصلی و فرعی مربوطه، یک بیمه نامه خانواده با طرح sme صادر می شود لذا همه ی بیمه شدگان می بایست فرم سلامت را تکمیل نمایند و با نظر پزشک معتمد تحت پوشش قرار گیرند،فرم پیشنهاد بیمه درمان فقط برای بیمه شدگان اصلی تکمیل می شود در صورتیکه پرسشنامه سلامت برای کلیه متقاضیان بصورت جداگانه تکمیل گردد.
18,آیا در یک خانواده جهت صدور smeهمه ی اعضا می بایست درخواست صدور دهند؟آیا بیمه گر می تواند پوشش زایمان و یا بیماری های زمینه ای را استثنا کند؟,بیمه شده اصلی می بایست پیشنهاد بیمه برای خود و کلیه اعضای خانواده ی خود را درخواست نماید و فرم پرسشنامه گواهی سلامت را به طور کامل و خوانا تکمیل نمایند، در صورتی که کلیه ی اعضای خانواده قصد استفاده از بیمه نامه را نداشته باشند امکان استفاده از این تسهیلات برای سایر اعضای خانواده نیز وجود ندارد، در نتیجه فقط بیمه شده ی اصلی می تواند تحت پوشش قرارگیرد، همچنین بیمه گر می تواند با توجه به پاسخ های مندرج در پرسشنامه گواهی سلامت، از ارائه ی پوشش بیمه ای به فرد یا افرادی از گروه یا افراد تحت تکفل بیمه شده اصلی و یا از ارائه پوشش هزینه زایمان و یا بیماری هایی که سابقه قبلی آنها بر اساس مستندات محرز شود و فرد از آن مطلع بوده است، خودداری نماید.
19,اضافه شدن و تاریخ شروع بیمه تکمیلی  پرسنل جدید در طرح های sme به چصورت است؟,"مدت بیمه نامه پرسنلی که در اثنای قرارداد به مجموعه گروه های خود اضافه می گردند ،زمان واریز اولین حق بیمه پرداختی برابربا تاریخ شروع بیمه نامه و پایان بیمه نامه وی برابر با روز و ساعت مشابه در سال آتی خواهد شد. (به عبارت دیگر تاریخ شروع و پایان 
بیمه نامه افراد جدیدالاستخدامی که بعد از شروع قرارداد اضافه می گردند با سایرین متفاوت خواهد بود.)، همچنین لازم بذکر می باشد،افراد جدیدالاستخدام، در همان شماره قراردادی که سایر اعضا تعریف شده اند قرار می گیرند و حق بیمه آنها نیز مطابق سایر اعضای 
گروه می باشد و در مورد اضافه شدن افراد جدید الاستخدام مهلت ارائه لیست تامین اجتماعی از تاریخ شروع به کار 70روز در نظر گرفته  می شود."
20,در طرح های sme امکان حذف بیمه شده وجود دارد؟,"در این بیمه‌نامه امکان حذف بیمه‌شده مگر در حالت های فوت بیمه‌شده، طلاق و یا قطع همکاری وجود ندارد، 
در صورت قطع قرارداد همکاری بیمه شده اصلی، با شرکت بیمه گذار ،یا فوت وی، در صورتی که حق بیمه به صورت کامل 
توسط بیمه‌گزار پرداخت گردد، پوشش برای سایر اعضای خانواده وی تا پایان مدت قرارداد معتبر بوده و قابل استفاده است."
21,امکان اضافه شدن همسر و نوزاد در smeبه چه صورت می باشد؟,"

 اضافه‌شدن بیمه‌شدگان مثل همسر جدید الازدواج بیمه‌شده اصلی شاغل در شرکت 
و دارای پوشش بیمه درمان (اعلام به بیمه گر حداکثر تا یک ماه پس از تاریخ عقد)، نوزاد (اعلام به بیمه گر حداکثر دو ماه از بدو تولد)
نحوه تحت پوشش قراردادن نوزاد/ نوزادان بدین شکل می باشد که ابتدا پس از تولد، پرسشنامه گواهی سلامت  تکمیل شده، پرونده زایمان و نامه ویزیت متخصص اطفال جهت تایید سلامتی نوزاد به عامل صدور ارائه شده و بررسی سلامت نوزاد توسط پزشک معتمد شرکت انجام می‌گیرد و در صورت تأیید پزشک معتمد و همچنین با در نظر گرفتن شرط ذیل، نوزاد از بدو تولد به بیمه نامه اضافه می‌گردد: 
 شرط صدور بیمه‌نامه درمان تکمیلی برای نوزاد، داشتن بیمه‌نامه درمان تکمیلی توسط پدر یا مادر (بیمه‌گذار) نوزاد (به شرط حیات و سرپرستی خانواده) است. 






"
22,آیا هلدینگ ها هم می توانند درخواست صدور sme دهند؟,در خصوص هلدینگ‌ها  با ارائه مستندات از جمله روزنامه رسمی که نشانگر ارتباط بین زیرمجموعه ها باشد، شرکت مادر میتواند بعنوان بیمه گزار حقوقی پرداخت کننده حق بیمه ثبت گردد. بدیهی است در غیر این صورت امکان تجمیع چند بیمه گزاربا کدکارگاهی متفاوت وجود نخواهد داشت.
23,تاریخ شروع بیمه نامه های sme از چه زمانی می باشد؟,صدور بیمه نامه تنها پس از تایید کارشناس و یا پزشک معتمد امکان پذیر خواهد بود.لازم به ذکر است  تاریخ شروع بیمه نامه برابر با تاریخ واریز 25% از حق بیمه کل اعضا گروه در وجه بیمه سامان خواهد بود (پرداختهایی که کمتر از 25%باشند ملاک تاریخ شروع بیمه نامه نخواهند بود.)در صورتیکه از تاریخ تایید پزشک معتمد بیش از یک ماه بگذرد و هنوز 25%حق بیمه به حساب بیمه سامان واریز نشده باشد ،می بایست فرم پرسشنامه سلامت مجدد تکمیل و مورد ارزیابی پزشک قرار گیرد.
24,در طرح های sme پدر و مادر غیر تحت تکفل بیمه شده اصلی میتوانند درخواست صدور دهند؟,"پدر و مادر غیر تحت تکفل بیمه شده اصلی با تکمیل فرم پرسشنامه گواهی سلامت  
در صورت تایید (پزشک معتمد) امکان استفاده از بیمه نامه را خواهند داشت."
25, افرادی که به عنوان همسر و یا نوزاد در حین بیمه نامه به اعضای خانواده بیمه شده اصلی اضافه می شوند، تاریخ اعتبار بیمه نامه ی آنها در طرح های sme به چصورت می شود؟,"
افرادی که به عنوان همسر و یا نوزاد در حین بیمه نامه به اعضای خانواده بیمه شده اصلی اضافه می شوند، تاریخ اعتبار بیمه نامه ی آنها تا پایان سال بیمه ای مربوط به بیمه نامه ی بیمه شده ی اصلی می باشد."
26,"در صورتی که یکی از اعضای خانواده بیماری داشته باشد و سایر افراد سلامت باشند، 
صدور بیمه نامه smeبه چه صورت است؟","در صورتی که یکی از اعضای خانواده بیماری داشته باشد و سایر افراد سلامت باشند، صدور بیمه نامه، با شرایط استثنا،
 فقط برای همان فرد در خانواده (شخص بیمه شده دارای شرایط استثنا) می باشد، 
در هنگام خسارت نیز می بایست به این موضوع توجه شود و سقف تعهد افراد سلامت، با سقف تعهد فردی که دارای شرایط
 استثنا می باشد دچار تداخل نشود."
27,در چه شرایطی  برای صدور sme فرم سلامت علی رغم عدم وجود هیچگونه بیماری ،پزشک معتمد حتما فرم سلامت را بررسی می کنند؟در صورت وجود بیماری زمینه ای به چه صورت است؟,"در هر یک از حالات ذیل علی رغم عدم وجود هیچ گونه بیماری، عامل صدور می بایست حتماً فرم های تکمیل 
شده پرسشنامه گواهی سلامت و فرم پیشنهاد بیمه نامه درمان
 تکمیلی خانواده متقاضی را جهت اعلام نظر برای پزشک معتمد ارسال نماید:
1)در صورتی که سن متقاضی 60 سال و بیشتر باشد؛
2)در صورتی که سن متقاضی 5 سال و کمتر باشد؛
3)در صورتی که شاخص توده بدنی متقاضی BMI از 35 بیشتر باشد؛
4)در صورتی که شاخص توده بدنی متقاضی BMI از 19 کمتر باشد؛
5)در صورتی که متقاضی مرد بالغ (بالای 14 سال سن) بوده و قد کوتاهتر از 155 سانتی متر داشته باشد.
6)در صورتی که متقاضی زن بالغ (بالای 11 سال سن) بوده و قد کوتاهتر از 145 سانتی متر داشته باشد.
7)در صورتی که متقاضی ورزش حرفه‌ای انجام می دهد. (این موضوع را در پرسشنامه گواهی سلامت  اعلام کرده باشد)

در صورتی که بیمه شده سابقه ابتلاء به بیماری خاصی را داشته و آن را در فرم پرسشنامه گواهی سلامت اعلام کرده است، عامل صدور می بایست مدارک پزشکی و آزمایشگاهی مربوطه را از بیمه شده دریافت و اسکن مدارک مذکور را به همراه فرم پرسشنامه گواهی سلامت برای پزشک معتمد ارسال نماید."
28,در چه شرایطی برای صدور sme فرم سلامت توسط پزشک معتمد بررسی نمی شود؟,"در صورتیکه فرم تکمیل شده پرسشنامه سلامت فاقد هرگونه بیماری و مشکل باشد و در صورتیکه فرم تکمیل شده تنها شامل عمل جراحی زیبایی بینی،آپاندیس،لوزه و سزارین بوده و نتیجه عمل ها رضایت بخش باشد.
*نکته*
در صورتی که بیمه گزار در پاسخ به سوال «آیا مورد عمل جراحی قرار گرفته اید» اعمال جراحی زیبایی بینی، آپاندیس، لوزه و سزارین را در فرم پرسشنامه گواهی سلامت ذکر نماید، عامل فروش می بایست ایشان را راهنمایی نماید که حتماً زمان و نتیجه ی آن عمل را در پرسشنامه درج نماید. لازم به ذکر است تنها در صورتی که نتیجه این اعمال جراحی از طرف بیمه گزار بصورت رضایت بخش اعلام شده باشد، نیازی به ارسال فرم‌های تکمیل‌شده پرسشنامه گواهی سلامت و فرم پیشنهاد بیمه‌نامه درمان تکمیلی خانواده متقاضی جهت بررسی و اعلام نظر برای پزشک معتمد نمی‌باشد، در غیر اینصورت فرم‌های مذکور می بایست جهت ارزیابی و اعلام نظر برای پزشک معتمد بیمه گر ارسال گردد."
29,برای صدور sme آیا مدارک پزشکی و آزمایشاتی و ... که پزشک معتمد جهت  ارائه، درخواست می کند هزینه بر عهده بیمه گزار می باشد؟ ,"کلیه هزینه‌ها (آزمایشات، ویزیت و ...) به عهده بیمه‌گزار بوده و متقاضی صدور بیمه‌نامه  در انتخاب مراکز درمانی مختار به انتخاب است، همچنین لازم بذکر می باشد در صورتیکه آزمایش های تعیین شده برای متقاضی، در 6 ماه گذشته انجام شده باشند 
عامل فروش می بایست ضمن هماهنگی با متقاضی، تاریخ و نوع آزمایشات انجام شده را به اطلاع پزشک معتمد برساند
 در صورت تایید پزشک معتمد نیازی به انجام مجدد آزمایشات نبوده و سوابق مورد پذیرش می­باشد. 
در غیر اینصورت متقاضی می بایست آزمایشات را مجدداً انجام داده و نتایج آن را ارائه دهد."
30,در طرح های smeدر چه صورتی دوره انتظار حذف می گردد؟,"دوره انتظار برای گروه‌های کوچک و متوسط  با ارائه آخرین لیست بیمه‌شدگان معتبر سال گذشته که
 به مهر و امضای ستاد مرکزی شرکت بیمه‌گر قبلی رسیده باشد-برای اسامی مندرج در لیست
 مذکور- حذف خواهد شد، مشروط به آنکه از لحاظ زمانی بین دو بیمه نامه بیش از یک ماه فاصله ایجاد نشده باشد.
*نکته*:
 در صورتی که بیمه‌شده جدید به شرکت بیمه‌گزار اضافه شود، تنها در صورتی که شرایط بالا را داشته باشد، دوره انتظار این بیمه‌شده و بیمه‌شدگان فرعی وی حذف می‌گردد، بدین معنی که حذف دوران انتظار هر بیمه شده بسته به پوشش قبلی تک تک بیمه شدگان می‌باشد.
"
31,طرح های smeدر سایت قابل رویت هستند؟,بله،در منوی سایت،قسمت محصولات،بیمه درمان طرح های sme قابل رویت هستند.
خسارت بیمه تکمیلی ,,
1,مبنای پرداخت خسارت ها چگونه است؟.,بر اساس تعرفه پزشکی وزارت بهداشت می باشد.
2,دوره انتظار بیمه نامه به چه مفهومی است؟و چه مواردی دوره انتظار دارند؟,"به مدت زمانی گفته می‌شود که پس از گذشت آن بیمه‌گذار می‌تواند از پوشش‌های بیمه‌نامه خود استفاده نماید:                                                                       1) گروهی  : مطابق با قرارداد
2) انفرادی : زایمان 9 ماه 
نازایی 9 ماه
لیزیک 3 ماه
سمعک 3 ماه
بیماری های مزمن 3 ماه
عمل جراحی قوز قرنیه 3 ماه"
3,کسر فرانشیز در بیمه تکمیلی به چه صورت است ؟از سقف تعهدات کسر می شود ؟یا از مبلغ تایید شده؟,فرانشیز پس از محاسبه و آنالیز پرونده از مبلغ تایید شده بدون در نظر گرفتن سقف تعهد کسر می گردد.                                                                           بعنوان مثال: اگر هزینه زایمان فردی 15 میلیون شده باشد و سقف تعهد وی 10میلیون و فرانشیز 10% در نظر گرفته شود،آنالیز از مبلغ پرداختی بیمه گزار یعنی 15میلیون محاسبه می گردد و اگر مبلغ تایید شده 13 میلیون باشد ،فرانشیز 10%(یعنی یک میلیون و سیصد هزار تومان)کسر می شود اما چون سقف تعهد 10 میلیون است ،سقف تعهد به ایشان پرداخت می شود،اما اگر طبق محاسبات مبلغ تایید شده 10 میلیون باشد فرانشیز 10% (یعنی 1 میلیون تومان)کسر و مبلغ 9 تومان واریز می شود.
4,حوادث مانند تصادفات یا حوادث برای ورزشکاران در بیمه درمان خانواده یا گروهی قابل پرداخت میباشد؟,حادثه تحت پوشش بیمه درمان تکمیلی قرار نمیگیرد.
5,آیا در طرح های انفرادی و خانواده پوشش غربالگری وجود دارد؟,بله-در طرح های سپیدار-سرو-افرا(انفرادی و خانواده) پوشش غربالگری اضافه شده است.
6,آیا دارو ها وآزمایشات مربوط به نازایی دوره انتظار دارند؟,خیر
7,نازایی آقایان در بیمه درمان خانواده قابل پرداخت می باشد یا خیر؟,بله-در صورت تایید پزشک پرداخت می شود. 
8,اسکن قرنیه چشم (آنژیوگرافی چشم ) تحت تعهد هست؟,در صورت تایید پزشک بله از سقف پاراکلینیکی گروه اول پرداخت می شود.
9,آندوسکوپی و کلونوسکوپی که بیهوشی داشته و بیمه شده برای مدتی بستری گردد دوره انتظار دارد؟,هر موردی که بیهوشی و بستری داشته باشد حتی به مدت کوتاه دوره انتظار دارد
10,برای هزینه دندان پزشکی کودکان تا چندسال نیاز به عکس رادیولوژی نمی باشد؟,برای کودکانی که تا سن 6-7 سال هستند نیاز نیست.
11,آیا مشاوره و موارد کاردرمانی و گفتار درمانی تحت پوشش بیمه تکمیلی می باشد؟,در طرح های انفرادی و sme خیر اما در گروهی ها بسته به قرارداد ممکن است تحت پوشش باشد.
12,تست PCR قابل پرداخت است؟آیا مراکزی که معرفینامه آنلاین دارند برای این تست بصورت آنلاین انجام می دهند؟,بله- پزشک عمومی و همچنین پزشک متخصص نسخه بنویسند تحت پوشش می باشد -در خصوص معرفینامه آنلاین باید از آن مرکز استعلام بگیرند در صورت عدم صدور معرفینامه آنلاین بیمه گزار هزینه کنند سپس جهت جبران خسارت مدارک را تحویل دهند.
13,پت اسکن چیست ؟ و آیا پرداخت می شود؟ ,یک روش آزمایش تصویری است و از سقف پاراکلینیکی یک پرداخت می شود.
14,اکوی قلب جنین تحت چه پوششی می باشد؟,بله -از سقف تشخیص ناهنجاری
15,آزمایش ژنتیک از چه سقفی پرداخت می شود؟,بله-از سقف غربالگری 
16,موارد تحت پوشش پاراکلینیکی گروه دوم چیست؟,جبران هزینه های مربوط به تست ورزش، تست آلرژی، تست تنفسی (اسپیرومتری – PFT)، نوار عضله EMG، نوار عصبNCV ، نوار مغز EEG، نوار مثانه (سیستومتری یا سیستوگرام)، شنوایی سنجی، بینایی سنجی، هولتر مانیتورینگ قلب
17,موارد تحت پوشش پاراکلینیکی گروه اول چیست؟,جبران هزینه های سونوگرافی، ماموگرافی، انواع اسکن، انواع آندوسکوپی، ام آر آی، اکوکاردیوگرافی، استرس اکو، دانسیتومتری
18,پوشش خدمات آزمایشگاه شامل چه مواردی می شود؟, فیزیوتراپی -آزمایشات
19,رادیولوژی از چه سقفی پرداخت میشود؟,بستگی به نوع قرارداد شخص ممکن از سقف آزمایشگاهی یا پاراکلینیکی 1پرداخت شود.
20,رادیوگرافی از چه سقفی پرداخت می شود؟,از سقف خدمات آزمایشگاهی
21,کولونوسکوپی از چه سقفی پرداخت می شود؟و در صورت داشتن نمونه برداری و پولیپ از چه سقفی ؟,"کولونوسکوپی از سقف پاراکلینیکی گروه دوم پرداخت می گردد
 و اگر همراه با نمونه برداری و پولیپ باشد از سقف جراجی های مجاز سرپایی پرداخت  می شود."
22,در بیمه تکمیلی انفرادی و خانواده نورو فیدبک و بیو فیدبک پرداخت می شود؟,خیر پرداخت نمی شود.
23,در مواردی که استثنا هست مثل اسلیو معده هزینه های آزمایش و عکس برداری مربوط به این استثنا پرداخت میشود؟,بله هزینه بستری و عمل پرداخت نمی شود.
24,در چه شرایطی عکس opg دندان نیاز است؟," ترمیم از 4 واحد بیشتر
 روکش  دندان  دو واحد به بالا"
25,در دندان پزشکی روکش دندان تحت پوشش است؟کامپوزیت ونیر چطور؟,انواع روکش ها که جنبه ی درمانی دارند تحت پوشش است-کامپوزیت ونیر چون زیبایی حساب می شود تحت پوشش نیست.
26,عکس OPGدندان از چه سقفی کسر میشود؟,اگر در مطب دندانپزشک گرفته شود از سقف دندانپزشکی کسر میشود و اگر در مرکز رادیولوژی گرفته شود از سقف پاراکلینکی گروه اول پرداخت میگردد.
27,آیا هزینه همراه بیمار قابل پرداخت است؟,هزینه همراه بیمار زیر 10 سال و بالای 70 سال پرداخت میگردد.
28,عمل رباط صلیبی از چه سقفی پرداخت میشود؟,از سقف بیمارستانی پرداخت میگردد.
29,جهت خسارت جرم گیری دندان حتما باید دو فک (بالاو پایین)انجام شود که خسارت به شخص تعلق بگیرد؟,خیر-فرقی ندارد که هر دو فک یا فقط فک بالا یا پایین جرم گیری شود فقط پزشک قید کند که کدام فک جرمگیری شده است.
30,نورولوژی مغز هم پرداخت می شود؟,بله بابررسی مستندات توسط کمیسیون پزشکی و بررسی مدارک.
31,عکس رنگی رحم از چه سقفی پرداخت می شود؟ ,عکس رنگی  معمولا برای قبل از بارداری انجام میشود  و از سقف پاراکلینیکی 1پرداخت میشود.
32,عکس cbct (شبیه opg) دندان پرداخت میشود؟,بله
33,آیا هزینه ی اتاق خصوصی پرداخت میشود؟,خیر
34,در دندانپزشکی درصورتی که ضرورت به بیهوشی باشد  هزینه دندانپزشکی و بیهوشی قابلیت پرداخت دارد؟,دندانپزشکی که منجر به بیهوشی شود فقط برای کودکان و افراد کم توان ذهنی از سقف دندانپزشکی کسر میگردد و دوره انتظار ندارد.
35,عکس قبل و بعد از دندان برای کشیدن دندان عقل لازم است؟,بله، عکس قبل و بعد برای کشیدن دندان عقل الزامی میباشد در غیر این صورت کشیدن معمولی دندان حساب می شود.
36, در همه موارد دندانپزشکی عکس قبل و بعد لازم است؟,خیر، در صورت کشیدن و یا پر کردن ساده و سطحی تا 2 واحد نیازی به عکس نیست همینطور برای جرم گیری 
37,سونوگرافی در مطب تحت پوشش است؟,سونوگرافی اگر در مطب فوق تخصص زنان انجام شود پرداخت نمیشود اما  اگر در مطب فولوشیپ انجام شود پرداخت میشود.
38,دندانپزشکی در دوران بارداری پرداخت می شود؟,فقط در مواقع اورژانسی مثل کشیدن و جراحی فورس-عصب کشی فورس پرداختی دارد.
39,آیا هزینه تست خواب (پلی سومنوگرافی)در بیمه درمان تکمیلی پرداخت می شود؟,خیر این مورد تحت پوشش نیست.
40,آیا واکسن تحت پوشش قرار می گیرد؟,خیر هیچ گونه واکسنی تحت پوشش نمی باشد.
41, آيا هزينه هاي مربوط به آزمايشات و سونوگرافي هاي دوران بارداري در بيمه نامه درمان انفرادي پرداخت مي شود؟,بله و در طرح های جدید بیمه نامه انفرادی به جز طرح عقیق غربالگری نیز تحت پوشش هست . در بیمه نامه های گروهی بستگی به قرارداد دارد .
42,پرداخت داروهای ترکیبی،گیاهی و مکمل ها در بیمه درمان به چه صورت است؟,در بیمه درمان داروهای ترکیبی که بجهت مشکلات پوست و مو تجویز میشوند ،  ویتامین ها و مکمل ها قابل پرداخت نیستند ،داروهای ترکیبی که برای موارد غیره تجویزمی شوند باید مورد ارزیابی واحد خسارت قرار گیرند.    *نکته*     بصورت کلی در قراردادهای انفرادی که سختگیری واحد سخارت بیشتر است ،داروهای خارجی که تحت پوشش هستند معادل نمونه ی ایرانی پرداخت می شود،اما در قراردادهای گروهی داروهای خارجی پس از بررسی توسط درمانت قابل پرداخت است.  داروهای گیاهی نیز می بایست مورد بررسی واحد خسارت قرار گیرند که مشخص شود قابل پرداخت هست یا خیر ،مثلا برای بیماری های مربوط به کبد فقط داروی گیاهی تجویز می شود که قابل پرداخت می باشد.
43, آيا دستگاه تست قند خون،سوزن و نوار آن پرداخت مي شود؟,"خير پرداخت نمي شود
"
44,در صورتیکه نسخه الکترونیکی صادر شده باشد ،جهت بارگزاری مدارک جهت دریافت خسارت  در پرتال درمانت چگونه باید بارگزاری شود؟,.برای نسخ درمانی که به صورت الکترونیکی توسط پزشک صادر گردیده  ،بیمه گزاران می توانند با مراجعه به سایت بیمه ی پایه ی خود (قسمت خدمات الکترونیک) نسخه را دریافت کرده و با گرفتن  اسکرین شات گرفته و در پرتال بارگزاری نمایند. در صورتیکه شخص نتواند نسخه ی الکترونیک خود را دریافت کند ،فاکتور پرداختی که در آن حق بیمه ی پایه کسر شده باشد کفایت می کند.
45,موارد استثنای بیمه درمان تکمیلی انفرادی و خانواده چیست ؟,در طرح های  انفرادی  و خانواده عینک و لنز طبی ،عمل تعویض مفصل زانو،عمل اسلیو معده و یا بای پس معده،غربالگری و تشخیص ناهنجاری جنین(فقط در طرح عقیق وجود ندارد) ایمپلنت، ارتودنسی و دندان مصنوعی تحت پوشش نیستند.
46," ليزيک، لازک و قوز قرنيه در بيمه درمان انفرادي پرداخت مي شود؟
",بله با این شرایط که قبل از صدور بیمه نامه در فرم سلامت ذکر نموده باشند و نمره هر چشم 3 به بالا باشد بعد از گذراندن 3 ماه دوره انتظار قابل پرداخت است . قوز قرنیه نیز بعد از گذراندن دوره انتظار از سقف بیمارستانی قابل پرداخت است. 
47,بیمه تکمیلی افرادی که در استعلام خسارت درمانت ،بیمه گزار صندوق برنا نوآور امین رویت می شود ،پیگیری خسارت با کدام واحد است؟,بیمه نامه ی اشخاصی که  از طریق برنا نوآور امین و درمانت بیمه تکمیلی صادر شده است ،پیگیری خسارت مربوط به درمانت می باشد.
,در صورتیکه شخص اعتراضی به مبلغ پرداختی دارد چه اقدامی میتواند انجام دهد؟,شخص نامه روی پرونده عودتی میگذارد مجدد میفرستد و کارشناس مجدد بررسی میکند.
48, درچه صورت خسارت به پرسنل شرکت هايي که قراردادبيمه تکميلي دارند پرداخت نخواهدشد؟,درصورت عدم پرداخت و بدهي شرکت هايي که قرارداد بيمه تکميلي دارند (بدهي معوق حق بيمه درمان تکميلي) ارائه خدمات به شرکت  متوقف مي گردد.
زمان پرداخت خسارت /دریافت اصل مدارک,,
1, زمان پرداخت خسارات ارسالي چند روز مي باشد؟,هزينه هاي پاراکيلينيکي نهایتا 30 روز و هزینه های بیمارستانی 45 الی 60 روز می باشد.
2, چه زماني براي دريافت پرونده بيمارستاني (براي بيمه شدگاني که با دريافت  معرفينامه بستري شده اند)جهت ارائه به بيمه گر پايه به بيمه سامان مراجعه شود؟,برای هماهنگی می توانند با واحد پیگیری خسارت (درمانت یا sos) تماس حاصل فرمایند.
 تحویل مدارک خسارت ,,
1,آیا امکان ارسال مدارک خسارتی بیمه درمان افرادی فقط به صورت غیر حضوری امکان پذیر میباشد؟,حتی اگر در پورتال ثبت نمایند هم اصل مدارک باید به دست درمانت برسد امکان ارسال از طریق اداره پست، پیک هم وجود دارد.اما اینکه فقط الکترونیکی ثبت شود خیر .
2,مدارک خسارت درماني اول به بيمه گر پايه تحويل شود يا بيمه تکميلي؟,در صورت استفاده از معرفينامه شرکت بيمه تکميلي سهم خود را از ابتدا مشخص مي نمايد و بيمه شده مي تواند بعد از پرداخت هزينه درمان توسط شرکت بيمه تکميلي، اصل پرونده را جهت ارائه به بيمه گر پايه از بيمه گر تکميلي دريافت کند.در صورت مراجعه به مرکز درماني که طرف قرارداد هيچکدام از بيمه هاي فرد نيست(نه بيمه پايه نه تکميلي)، بيمه شده بايد پرونده را ابتدا به شرکت بيمه پايه تحويل داده و پس از مشخص شدن مبلغ پرداختي از شرکت بيمه پايه، بايد علاوه بر مدارک درماني گواهي مبلغ داربه شرکت بيمه تکميلي خود جهت پرداخت خسارت تحويل دهد.درصورتيکه بيمه شده به جايي مراجعه کند که طرف قرارداد بيمه پايه باشد، سهم بيمه پايه همانجا محاسبه شده و از صورتحساب کسر مي شود و براي استفاده از بيمه تکميلي مدارک را بايد تحويل شرکت بيمه تکميلي خود دهد
3,مدارک خسارت درماني(گروهي) به کجا تحويل شود؟,بیمه گزارانی که واحد خسارتشان SOS می باشد میبایست مدارک را به نماینده ی بیمه حاضر در محل کار خود تحویل دهند،بیمه گزارانی که درمانت واحد خسارتشان است در صورتیکه در محل کار خود نماینده ی بیمه وجود ندارد به درمانت تحویل دهند.
4,بیمه خدمات درمانی مدارک بیمارستانی را کپی برابر اصل نمیکند و فقط کپی مدارک را جهت ارائه به بیمه تکمیلی ارائه میکند، کپی مدارک بیمارستانی برای خسارت این دسته مورد تایید میباشد؟,بله در صورتیکه گواهی مبلغ داشته باشند.
5,مدارک خسارت درمانی اول به بیمه گر پایه تحویل شود یا بیمه تکمیلی؟,"الف) در صورت استفاده از معرفینامه شرکت بیمه تکمیلی سهم خود را از ابتدا مشخص می نماید و بیمه شده می تواند بعد از پرداخت هزینه درمان توسط شرکت بیمه تکمیلی، اصل پرونده را جهت ارائه به بیمه گر پایه از بیمه گر تکمیلی دریافت کند.
ب) در صورت مراجعه به مرکز درمانی که طرف قرارداد هیچکدام از بیمه های فرد نیست(نه بیمه پایه نه تکمیلی)، بیمه شده باید پرونده را ابتدا به شرکت بیمه پایه تحویل داده و پس از مشخص شدن مبلغ پرداختی از شرکت بیمه پایه، باید علاوه بر مدارک درمانی گواهی مبلغ دار،به شرکت بیمه تکمیلی خود جهت پرداخت خسارت تحویل دهد.
پ) درصورتیکه بیمه شده به جایی مراجعه کند که طرف قرارداد بیمه پایه باشد، سهم بیمه پایه همانجا محاسبه شده و از صورتحساب کسر می شود و برای استفاده از بیمه تکمیلی مدارک را باید تحویل شرکت بیمه تکمیلی خود دهد."
6,مدارک خسارت درماني(انفرادي-دارندگان دستگاه پز سامان) به کجا تحويل شود؟,تحويل اصل مدارک به شرکت درمانت يا نزديکترين شعب مرکزی شهرستان ها.
7,در صورت استفاده از بیمه پایه به بیمه شده ها اعلام میشود بعد از عمل به سرعت مدارک را به بیمه پایه تحویل دهند تا مدت زمان تحویل مدارک به بیمه تکمیلی درحد امکان بیش از 4 ماه نگردد، با توجه به اینکه گاهی حتی بیمارستان دیر مدارک را تحویل بیمه شده میدهد بیمه شده تا چه مدتی بعد از عمل زمان دارد مدارک را تحویل بیمه پایه دهد تا بیمه تکمیلی ایراد نگیرد؟,بلافاصله بعد از اینکه مدارک را تحویل گرفتند باید به پیگیری خسارت تحویل بدهند (زمانی که بیمه پایه تسویه میکند رسیدی ممهور ارائه میدهد که روی آن تاریخ تسویه هست که نشاندهنده این است که مدارک در این مدت نزد بیمه پایه بوده است.)
8,گفته شد برای اعلام خسارت 4 ماه مهلت می باشد در صورتیکه بیمه تمام شود هم این مدت اعتبار دارد ؟,بله اعلام خسارت تا 4 ماه انجام می شود و ربطی به پایان پوشش و یا عدم تمدید بیمه نامه ندارد.
9, اگر بیمه گزاری مدارک را قبل 4 ماه در سایت members.darmanet.ir ثبت کند اما تا زمانی که تایید و بررسی گردد بیشتر از چهار ماه بگذرد این مبلغ هزینه قابل پرداخت میباشد یا خیر؟,مشکلی نیست تاریخ ثبت اولیه مهم است.
10,برای دریافت اصل مدارک جهت تحویل به بیمه پایه چه اقدامی لازم است انجام شود؟,اگر واحد خسارت درمانت میباشد با داخلی 2 درمانت تماس بگیرندکه امکان دریافت اصل مدارک وجود دارد یا خیر، اما اگر واحد خسارت SOSمیباشد با همکاران بایگانی  این مورد پیگیری شود.
علل عدم پرداخت ,,
1,علت عدم پرداخت خسارت درمان چه مي تواند باشد؟,"عدم ثبت شماره شبا،خسارت در مرحله کارشناسی باشد، بعلت نقص مدارک پرونده عودت شده باشد،عدم پرداخت بموقع حق بیمه،عدم رعایت حسن نیت در زمان تکمیل فرم سلامت،تحت پوشش نبودن هزینه ارسالی،تکمیل سقف پوشش هزینه مورد نظر

"
معرفینامه,,
1,آیا  می توان برای یک مرکز درمانی معرفی نامه های متعدد گرفت ؟,بله مثلا برای بستری و پاراکلینیکی یک بیمارستان امکان پذیر می باشد.
2,آیا می توان برای دارو معرفی نامه گرفت ؟,در انفرادی و خانواده و طرح های گروهی که واحد خسارت درمانت باشد خیر ،اگر sos باشد بله 
3,براي صدور معرفينامه انفرادی،خانواده و یا گروهی-درمانت چه مدارکي لازم است؟,در حال حاضر روند صدور معرفی نامه بصورت غیر حضوری هست یا خود مرکز درمانی با کد ملی دسترسی صدور معرفی نامه را دارند یا بیمه شده در پورتال خود نسخه پزشک را بارگذاری کرده و اطلاعات دیگری از قبیل انتخاب مرکز درمانی را وارد کرده و درخواست معرفی نامه خود را ثبت می نماید و یا تماس با  تماس با درمانت و داخلی 1 برای موارد اورژانس
4,براي صدور معرفينامه گروهي-SOS به کجا مراجعه کرد؟,"دریافت معرفینامه آنلاین از طریق وبسایت کمک رسان ایران
www.iranassistance.com و یا تماس با شماره های 88648601-88648421 
مراجعه حضوری به مراکز درمانی طرف قراردادی که امکان دریافت معرفینامه آنلاین از طریق کد ملی بیمه شدگان را دارند."
5,مدت اعتبار معرفینامه (گروهی-انفرادی) چند روز می باشد؟,"اعتبار معرفینامه ها 10 روز می باشد.
"
6,صدور معرفینامه در بیمارستان های طرف قرارداد بابت چه مواردی صادر می شود؟,"فقط در صورتیکه بجهت بستری بیمه گزار باشد معرفینامه صادر می شود ،بابت ویزیت پزشک و موارد اورژانسی صادر نمی گردد(البته که بستگی به قرارداد بیمارستان مورد نظر نیز دارد بهتر است شخص با پذیرش بیمارستان تماس گرفته و استعلام گیرد)-اگر بیمه شده قصد انجام موارد پاراکلینیکی در بیمارستان های طرف قرارداد درمانت را دارد در سایت درمانت نوع مراکز درمانی را ""پاراکلینیک"" جستجو نماید. "
7,آیا در بیمه تکمیلی انفرادی و خانواده درمانت برای روزی که بیمه نامه پایان پوشش می خورد معرفینامه صادر می کند؟دریافت خسارت چگونه است؟,خیر-معرفینامه تا ساعت 24 شب قبل از تاریخ پایان پوشش صادر می گردد.-برای دریافت خسارت نیز تا یک روز قبل از تاریخ پایان پوشش بیمه نامه قابل استفاده می باشد
8,آیا درمانت بابت خرید سمعک معرفینامه صادر می نماید؟,خیر،برای تهیه سمک معرفینامه صادر نمی شود،بیمه شده می بایست هزینه را پرداخت کرده  و مدارک را تحویل درمانت دهد.
9,برای صدور معرفینامه ای که نسخه ی پزشک به صورت آنلاین صادر شده است شخص بیمه شده در پرتال درمانت چگونه عمل کند؟,جهت دریافت معرفینامه برای نسخ درمانی که به صورت الکترونیکی توسط پزشک صادر گردیده  ،بیمه گزاران می توانند با مراجعه به سایت بیمه ی پایه ی خود (قسمت خدمات الکترونیک) نسخه را دریافت کرده و با گرفتن  اسکرین شات از نسخه ی صادر شده جهت مورد اعلامی استفاده نمایند.
مراکز طرف قرارداد ,,
1,مراکز درماني طرف قرارداد با بيمه سامان از کجا قابل رویت هست ؟,           sos : از طریق سایت www.iranassistance.com میتوانند مراکز را مشاهده فرمایند.  برای افرادی که واحد پیگیری خسارت شان درمانت هست از طریق سایت darmanet.com مراکز طرف قرارداد قابل مشاهده هست .
عدم اظهار بیماری /عدم حسن نیت,,
1,درصورت عدم اظهار بيماري يا مشکل بيمه گزار در فرم سلامت چه برخوردي خواهدشد؟, طبق قانون اصل حسن نیت اگر بيمه گزار عمدا از اظهار مطلبي خود داري نمايد و يا بر خلاف واقع اظهاري نمايد ،خسارتی به ایشان پرداخت .نمی گرددو بيمه نامه فسخ خواهد شد.
صدور بیمه نامه مسافرتی,,
1,چگونه میتوان بیمه نامه مسافرتی را تهیه نمود؟, به صورت خرید حضوری از شعبه مرکزی گردشگری ، آنلاین از سایت بیمه سامان،آژانس های مسافرتی،نمایندگان بیمه سامان 
2,کسی که گرین کارت دارد بیمه مسافرتی میشود؟,طبق قانون 92 روزه می توانند فقط 3 ماه بیمه پیوسته داشته باشند. در صورتیکه شخص در کنار اقامت امتیاز استفاده از بیمه درمان آن کشور را داشته باشد در نهایت از یک بیمه(بیمه مسافرتی سامان و یا بیمه ی محلی آن کشور) می تواند استفاده نماید.
3,مدت اعتبار بیمه نامه های مسافرتی به چه صورت است؟,                                                                                 برای بیمه نامه های کمتر از 6 ماه ، از تاریخ صدور تا 6 ماه                                                                                                   و برای بیمه نامه های 6 ماهه و یک ساله از تاریخ صدور تا 1 سال معتبر و قابل استفاده است.
4,چگونه می توان اعتبار بیمه نامه مسافرتی را کنترل نمود؟,تماس با شماره 8943 داخلی 2 جهت استعلام اعتبار بیمه نامه-از طریق سایت travis.ir و یا بااستفاده از QR روی بیمه نامه های جدید امکان پذیر می باشد.
5,آیا طرحی وجود دارد که بتوان بصورت 6 ماه یا یک سال متوالی برای مسافرت از آن استفاده نمود؟,بله، طرح بیمه دانشجویی امکان اقامت در کشور مقصد را بیش از 3 ماه متوالی به خریدار می دهد نوع ویزای شخص حتما باید دانشجویی و تحصیلی باشد.
6,اگر شخصی بخواهد بیماری های از قبل موجود هم جز پوشش های بیمه ایشان باشد چه اقدامی انجام دهد؟,جهت خرید طرح با پوشش بیماری های از قبل موجود(طرح 70000یورو )ارایه می گردد، و این طرح فقط شامل موارد اورژانسی بیماری های از قبل موجود می باشد ،اگر نیاز باشد شخص جراحی یا درمان خاصی داشته باشد تحت پوشش نیست-  جهت خرید می توانند مستقیما از شعبه گردشگری و یا سایت های https://samaninsurer.com/و https://www.sam24.irاقدام نمایند. 
7, بیمه های مسافرتی سامان در همه کشورها مورد پذیرش است؟,تنها کشوری که بیمه مسافرتی سامان را قبول ندارد دانمارک است ،برخی کشورها ممکن است برای ویزای دانشجویی اعلام کنند که بیمه از همان کشور مقصد تهیه شود،شخص می بایست از سفارتخانه استعلام بگیرد که مورد قبولشان هست یا خیر.
8,خرید بیمه مسافرتی برای کشور دانمارک به چه صورت است؟,سفارت دانمارک همچنان بیمه مسافرتی سامان را قبول نمی کند،اما اگر شخصی قصد ارایه بیمه نامه  به سفارت را نداشته باشد ،می تواند خرید نماید اما به این نکته توجه کند که تحت هیچ شرایطی بیمه نامه  ابطال نمی گردد.
9,آیا بیمه مسافرتی تمدید می شود؟,بیمه مسافرتی تمدیدی ندارد و حتی برای شخصی هم که خارج از کشور است بیمه جدیدی صادر نمی شود.
10,برای اتباع بیمه نامه صادر می شود؟,بله
11,برای افرادی که از خارج از کشور سفر به ایران دارند بیمه نامه مسافرتی صادر می شود؟,بله بیمه مسافرتی با عنوان بیمه مسافران ورودی صادر می شود-جهت خرید این بیمه نامه از طریق شعبه گردشگری و یا به سایت sam24.ir میتوانند مراجعه نمایند.
12,شخصی که پاسپورتی بجز پاسپورت ایرانی دارد حین خرید کدام شماره پاسپورت را باید ثبت کند؟,شماره ی پاسپورتی باید در بیمه نامه ثبت شود که در آن پاسپورت مهر خروج و  با آن پاسپورت وارد کشور مقصد میشود.
13,برای شخصی که تابعیت ایرانی ندارد بیمه مسافرتی اینکامینگ صادر میشود؟,بله
14,آیا بیمه ی دانشجویی برای دانش آموز هم صادر میشود؟,بله
15,گر حوزه (zone) در بیمه نامه -شنگن- خورده باشد اما طرح خریداری شده world wide-(تمام نقاط دنیا)-باشد شخص در هر کشوری باشد تحت پوشش بیمه میباشد؟,با توجه به اینکه اگر شخص در سفر به خسارت بخورد و zone با مقصدی که سفر داشته اند یکی نباشد  سیستم واحد خسارت به مشکل میخورد،می بایست که zone متناسب با آن مقصد باشد ،بنابراین نمی توانند از بیمه نامه ای که zone آن شنگن می باشد برای مقصد دیگری استفاده کنند.
16,بیمه نامه ی های مسافرتی سامان برای سفرهای زمینی هم قابل استفاده است؟,بله
17,بیمه نامه هایی که توسط ویزامتریک صادر میشود هزینه ای تحت عنوان حق وقتدهی سفارت از اشخاص دریافت میشود آیا این هزینه ارتباطی به بیمه سامان دارد؟,خیر -این هزینه مربوط به سفارتخانه است و ارتباطی به بیمه سامان ندارد.
18,در صورتیکه شخص دو تا بیمه مسافرتی خریداری کند زمانیکه از ایران خارج می شود کدام بیمه نامه جاری می شود؟,هر دو بیمه نامه جاری می شود.
19,اگر حین صدور بیمه مسافرتی کد ملی شخص اشتباه درج شده باشد مشکلی دارد؟,در بیمه نامه کد ملی درج نمی شود ،اما اگر این شخص در سفر خسارتی برایش پیش بیاید واحد خسارت جهت پرداخت ارور فرمت کد ملی را رویت می کند و پروسه پرداخت خسارت طولانی  می شود ،می توانند با واحد صدور خود در ارتباط باشند بیمه نامه را ابطال و مجددا با کد ملی صحیح خرید نمایند.
20,اگر در سامانه ی نویان در ستون  خطای کد سنهاب خطای کد ملی معتبر نمی باشد و یا دربیمه نامه کد سنهاب عدد 0 رویت شود بیمه نامه صادر شده است؟,"در صورتیکه در ستون ""وضعیت"" بیمه نامه را ""فعال"" مشاهده نمودید بیمه نامه صادر شده و موردی ندارد ،این خطا بعلت مشکل سیستمی بوده است"
21,در صورتیکه شخص برای دریافت ویزا از طریق کشور دیگری اقدام نماید به چه صورتی میتواند بیمه مسافرتی سامان را تهیه کنند؟,در اینصورت مسافر هم می تواند 1 بیمه نامه با مدت زمان جمع هر دو سفر(بدین معنی که از زمان اولین خروج از ایران تا زمانیکه سفرهای  ایشان انجام می شود  و از کشور ثانویه باز میگردد) بصورت مولتی تهیه نماید و یا 2 بیمه نامه جداگانه برای مقاصد مختلف تهیه نماید و با ارسال نامه کتبی به همکاران شعبه گردشگری درخواست نماید که بیمه نامه دوم برای خروج دوم ایشان فعال گردد.
22,"agency code 
رویت شده در بیمه نامه واحد صدور است یا
agency code 
که در کنترل اعتبار تراویس رویت می شود؟","در بیمه های مسافرتی agency code  درج شده در بیمه نامه مربوط به کد نمایندگی می باشد
 و agency code درج شده در صفحه کنترل اعتبار سامانه ی تراویس ،کد آژانس تعریف شده 
در سیستم نماینده می باشد ،لذا agency code درج شده در بیمه نامه
 بعنوان واحد صدور تلقی می گردد."
23,آیا بیمه دانشجویی محدودیت سنی دارد؟ اساتید می توانند تهیه کنند؟,بیمه مسافرتی دانشجویی محدودیت سنی دارد و برای بازه سنی 13 تا 65 سال قابلیت صدور دارد، اساتیدی که ریسرچ دریافت  می کنند نیز می توانند خریداری نمایند.
24,آیا مشکل ثبت یا ویرایش تاریخ تولد،محل تولد،ایمیل و تلفن همراه حین خرید بیمه مسافرتی از طریق سامان دایرکت برطرف شده است؟,بله-برطرف شده است و شخص می تواند خودش این موارد را ثبت و یا ویرایش نماید.(*دقت داشته باشید این حالت فقط برای حین خرید می باشد که قبلا شخص امکان ثبت و یا ویرایش را نداشته و کادر مربوطه قرمز رنگ می شد و اجازه تایپ به ایشان داده نمی شد.)-*نکته*اگر شخص حین خرید از سامان دایرکت همچنان این مشکل را داشت حتما با ایشان چک شود که اضافه کردن مسافر را نزده باشند ،و مجددا به صفحه ی اصلی رفته و اقدام به خرید نمایند.
25,در صورتی که خرید اینترنتی انجام شود و مبلغ از حسابشان کسر شود و بیمه نامه ای صادر نشده باشد باید چه  کار کرد؟,یا مبلغ به حساب برمیگردد و یا باید تا 72 ساعت کاری صبر کند و در صورتی که مبلغ برنگشت و بیمه نامه ای نیز صادر نشد، با شماره 8943 داخلی 2 تماس بگیرند.
ویرایش بیمه نامه مسافرتی,,
1, حین خرید بیمه مسافرتی از  سامانه سامان دایرکت برای برخی افراد زمانیکه تاریخ تولد شمسی خود را وارد میکنند و  بیمه نامه مسافرتی صادر می شود تاریخ تولد میلادی یک روز جابجا شده است ،در اینگونه مواقع چه اقدامی انجام شود؟,تاریخ  تولد میلادی که در بیمه نامه درج می گردد بایستی با تاریخ تولد میلادی که در پاسپورت وجو دارد یکسان باشد ،بنابراین می توان تاریخ تولد شمسی را  یک روز عقب تر یا جلوتر ویرایش کرد به نحوی که با تاریخ میلادی مندرج در پاسپورت بیمه گزار یکی شود.
2,شماره پاسپورت بیمه مسافرتی از چه طریقی ویرایش می شود؟سینگل و مالتی بودن چطور؟,از هرجا بیمه نامه صادر شده است درخواست  ویرایش دهند  اگر آنلاین از سایت رسمی بیمه سامان خریداری نمودند با شماره 8943 داخلی 2 تماس بگیرند.
3,در چه صورت امکان تغییر مدت زمان بیمه نامه وجود دارد؟,اگر بعد از خرید بیمه نامه، به شخص ویزا داده باشند تنها در صورتی امکان تغییر مدت زمان بیمه نامه وجود دارد که مدت زمان ویزای شخص نسبت به مدت زمان بیمه نامه تفاوت داشته باشد، در این صورت میتوان قبل از اینکه شخص از کشور خارج شود مدت بیمه نامه را به اندازه مدت ویزا تغییر داد( یعنی بیمه نامه قبلی ابطال و هزینه کاملا برگشت داده شود و بیمه نامه جدیدی مطابق با مدت ویزا برای شخص صادر شود.)
خسارت بیمه مسافرتی,,
1,آیا امکان پرداخت خسارت در خارج از کشور وجود دارد؟,در صورتی که مورد پیش آمده اورژانسی و یا بستری باشد می توانند با کال سنتر تماس داشته باشند مرکز agent معرفی خواهد شد که هزینه یا پرداخت نکنند یا حداقل شود.
2,در صورت بروز خسارت در سفر داخلی بیمه شده با چه واحدی تماس بگیرید؟,در صورت بروز خسارت با شماره ی کمک رسان مندرج در بیمه نامه (میدیست لبنان و یوروکراس چک)ارتباط برقرار کنند ،در موارد اورژانسی و بیمارستانی می بایست همان لحظه به کمک رسان اطلاع دهند اما در موارد پاراکلینیکی هزینه را انحام داده سپس به کمک رسان اطلاع دهند که برایشان تشکیل پرونده داده و اعلام شود چه مدارکی به ایران آورده شود.
3,راه های ارتباطی با کمک رسان در صورت بروز خسارت در کشور مقصد چگونه است؟,از طریق تماس با شماره کال سنتر که روی بیمه نامه قید می شود -شماره 009614548356 جهت تماس تلفنی و شماره 009613487287 جهت ارتباط تلگرامی
4,شخصی که بیمه محلی کشوری را دارد آیا می تواند از بیمه مسافرتی سامان نیز در آن کشور  استفاده کند؟,بیمه ی محلی و مسافرتی دو بیمه نامه ی جدا از هم هستند  و اگر شخص قصد دارد از بیمه سامان خسارت دریافت کند میباست اصل مدارک را به بیمه سامان ارایه کند-و بصورت کلی نمیتوانند از دو بیمه نامه همزمان استفاده کنند.
5,چه مواردی در هزینه های دندانپزشکی تحت پوشش می باشد؟,فقط فوریت های دندانپزشکی تا سقف مندرج در بیمه نامه (شامل مواردی چون روت کانال و ایمپلنت نمی شود)
6,برای خانمی که باردار می باشد آیا بیمه مسافرتی پوششی دارد ؟,اگر سه ماه آخر بارداری باشند به هیچ عنوان هزینه ای پرداخت نمی شود در غیر اینصورت مدارک هزینه خود را ارائه می دهند واحد پیگیری خسارت بررسی و در صورت امکان پرداخت می شود.
7,آیا هزینه ی وسایل و پول داخل چمدان گم شده و یا شکستن چمدان تحت پوشش است؟,خیر
8,چه مواردی در صورت گم شدن مدارک تحت پوشش می باشد؟,هزینه ی صدور المثنی مربوط به فقدان گذرنامه و گواهینامه با ارائه ی برگه ی خروج  و  رسیدهای پرداختی جهت صدور المثنی مدارک  تا سقف مندرج در بیمه نامه به بیمه شده پرداخت میگردد(در کشورهای اروپایی وقتی مدارک دزدیده میشود و شخص به سفارتخانه مراجعه میکند معمولا سفارت هزینه ی برگه خروج را از شخص میگیرد)
9,پرونده خسارت بیمه مسافرتی را بر چه مبنایی محاسبه می شود؟,با توجه به نرخ روز حادثه با نرخ ارز سنا (نزدیک ترین نرخ به نرخ آزاد) مبلغ ریالی پرداخت می گردد.
10,آیا هزینه سرقت دوربین عکاسی پرداخت میشود؟,خیر
11,چه بیمه هایی پوشش بیماری کرونا را دارند؟,در حال حاضر طرح های متعددی با پوشش کرونا با سقف تعهدات متفاوت و بسته به کشور مقصد موجود است .برای پرداخت هزینه های کووید یا باید کارت واکسن 2 دوز را داشته باشند و از آخرین تزریق هم 15 روز باید گذشته باشد در غیر این صورت ارائه تست PCR تا 72 ساعت قبل از خروج از کشور الزامی است. بدیهی است در صورت مثبت بودن تست پوشش فوق خارج  تعهدات بیمه گر می باشد. و دوره انتظار بدون ارائه مدارک اعلام شده 14 روز می باشد
12,برای کودکان تا چه سنی تست PCR جهت بیمه های مسافرتی با پوشش کرونا الزامی است ؟,برای کودکان تا 5 سال (البته ممکن است قانون ایرلاین متفاوت باشد)
13,منظور از پوشش انتقال پیام های فوری و همچنین ارائه نشانی مراکز درمانی، داروخانه ها، پزشکان به بیمه شده در خارج از کشور در بیمه نامه ها چیست؟,این پوشش به این معنی میباشد که شخص در کشور مقصد نیاز به مرکز پزشکی ،بیمارستان و ...  دارد  با شماره ی کمک رسان مندرج در بیمه نامه تماس میگیرد و کمک رسان به ایشان مرکز معرفی میکند 
14,ارسال وجه الضمان و ارسال پول نقد در بیمه های مسافرتی به چه صورت است؟,این پوشش ها  در حال حاضر انجام نمیشود برای زمانیکه نرخ ارز ثابت بود انجام میشد.
15,منظور از پوشش جبران هزینه‌های ناشی از کنسلی بلیط هواپیما یا کنسلی هتل محل اقامت به دلیل مثبت شدن تست PCR بیمه شده حداکثر 3 روز قبل از عزیمت به سفر( این هزینه به صورت ما به تفاوت هزینه دریافتی از شرکت هواپیمایی و گردشگری با ارا‌ئه مدارک اخذ شده از شرکت های مذکور قابل دریافت می باشد)چیست؟,در حال حاضر اگر کشوری ارائه تست pcr را در بدو ورود الزامی بداند اگر شخص علائم داشته باشد و تستش مثبت شود شرکت هواپیمایی بابت بلیط و هتل هزینه ای پرداخت میکند که در این صورت واحد خسارت بیمه مسافرتی سامان از آژانس مربوطه درخواست نامه ای میکند که چقدر به شخص پرداخت شده است و مابه التفاوت مبلغ پرداختی با توجه به سقف پوشش به ایشان پرداخت میکردد.  
16,منظور از عدم پرداخت فرانشیز 25 یورو در موارد اورژانسی و ناشی از حادثه و یا بستری شدن در بیمارستان بیش از 24 ساعت جیست؟,اگر موارد بیمارستانی و بستری بیشتر از 24 ساعت و اورژانسی و ناشی از حادثه برای شخص اتفاق بیفتد ظرف مدت 10 روز با  شماره ی کمک رسان تماس بگیرد که به ایشان مرکز معرفی شود و ایشان هزینه پرداخت نکنند.
17,در بیمه های مسافرتی اگر از بستری شخص بیمه شده بیشتر از 10 روز بگذرد و در کشور مقصد تنها باشد (همراه نداشته باشد)چه مواردی تحت پوشش است؟,هزینه ی بلیط یکی از اعضای درجه ی یک خانواده ی شخص که حتما ساکن ایران باشد (به این معنی که هزینه ی اعضای خانواده اش که در کشور دیگری ساکن هستند پرداخت نمیشود)و هزینه ی اقامت روزی 60 یورو تا 15 روز از سقف مورد نظر پرداخت میگردد.
18,منظور از پوشش:پرداخت هزینه بازگشت غیر منتظره بیمه شده به دلیل مسائل حاد پزشکی و یا فوت بستگان درجه اول و بلافصل در صورتیکه نتواند از بلیط اصلی برای بازگشت استفاده نماید. بستگان درجه اول:پدر و مادر ،خواهر و برادر بستگان بلافصل:همسر و فرزندان,اگر یکی از اعضای بلافصل و بستگان درجه اول بیمه شده در طول مدتی که ایشان در سفر است فوت کند یا به علت مسائل حاد پزشکی لازم باشد شخص به ایران بازگردد فقط بلیط بازگشت به ایشان پرداخت میگردد.
19,منظور از پوشش:مشاوره حقوقی و پرداخت هزینه دعوی بیمه شده در صورتی که بر طبق قانون مدنی کشور مربوطه تحت پیگرد باشد. چیست؟,در صورتی که بیمه شده در کشور مقصد قوانین مدنی و قوانین شهروندی (مثل قوانین راهنمایی رانندگی آن کشور و ...)را رعایت نکند و عمل ایشان منجر به گرفتن وکیل شود هزینه هارا خودش پرداخت می نماید و بعد از بازگشت به ایران از طریق واحد خسارت با نقش حقوقی بیمه ی سامان ارتباط میگرد جهت بررسی و پرداخت خسارت*نکته*موارد جنایی و درگیری و زد و خورد تحت پوشش نمی باشد .
20,برای پوشش قرنطینه  در هتل در بیمه های مسافرتی که این پوشش را دارند کمک رسان هتل یا اقامتگاه معرفی میکند؟,خیر-کشور مقصد اعلام میکند که بیمه شده به کدام هتل مراجعه کند و شخص با ارایه ی فیش و رسیدهای پرداختی جهت اقامت در هتل برای جبران خسارت اقدام می نماید.
21,شخصی که خارج از ایران واکسیناسیون انجام داده آیا برای دریافت خسارت مورد قبول می باشد؟,هر گونه کارت واکسیناسیون معتبر و دارای QR CODE برای پرداخت خسارت بیمه مسافرتی مورد قبول می باشد.
22,آیا خدمات CIPفرودگاهی برای بیمه های مسافرتی ارائه  می شود؟,خدمات CIP فرودگاهی قبلا بروی بیمه های مسافرتی ارائه  می شد اما در حال حاضر همچین پوششی وجود ندارد و این پوشش منقضی شده است.
23,جهت خسارت سفر داخلی(حوادث انفرادی یا گروهی)شخص چه اقدامی انحام دهد؟,"در صورتیکه شخص بیمه شده از طریق تور و یا آژانس به شکل گروهی بابت سفر داخلی بیمه شده باشند (بیمه حوادث و یا مسئولیت گروهی) و یا اگر دارای بیمه نامه حوادث انفرادی می باشند با شماره 8943 تماس گرفته که موردشان بررسی شود.
"
مهر بیمه مسافرتی,,
1,آیا برای درج مهر اصل پاسپورت نیاز می باشد یا فقط بیمه نامه کفایت می کند؟,برای زدن مهر بیمه نامه به تنهایی کافی می باشد.
2,آیا همه بیمه نامه ها حتی بیمه نامه های خرید اینترنتی باید مهر بیمه سامان را داشته باشد؟,بیمه نامه هایی که برای کشورهای اطراف مثل ترکیه دوبی ارمنستان تایلندو... صادر میشود نیازی به مهر ندارد و اگر هم اینترنتی صادر شود بدون مهر دارای اعتبار میباشد ولی کشورهایی مثل حوزه شنگن که بیمه نامه را برای گرفتن ویزا باید جزو مدارک به سفارت ارائه دهند ترجیحا حتی بعد از خرید  با اینکه بیمه نامه از نظر شرکت بیمه معتبر میباشد بهتر است ممهور شود به این علت که سفارت حوزه شنگن طی نامه اعلام کرده که بیمه نامه ها مهر بیمه داشته باشند البته باز هم به موضوع سفر، سفارت بستگی دارد . اگر شخص آنلاین از سامان دایرکت خریده باشد به شعبه مرکزی می توانند مراجعه حضوری داشته باشند.
ابطال بیمه مسافرتی,,
1,در چه صورت می توان بیمه نامه را ابطال کرد و چه مدارکی نیاز است؟,در صورت عدم صدور ویزا و یا انصراف از سفر پس از اتمام زمان ویزا (با ارائه پاسپورت . یا نامه ریجکت سفارت)و در کشورهایی که نیاز به ویزا ندارند با ارائه ی پاسپورت،به صورت کلی ارائه پاسپورت،نامه از سفارت،شماره حساب بانکی بنام فرد بیمه شده و نام و نام خانوادگی کامل فرد مورد نیاز است و از طریق واحد صدور خود درخواست ابطال می دهند.
2,برای ابطال به کجا مراجعه نمایند؟,باید به محلی که بیمه نامه صادر شده است مراجعه کنند(آژانس، نماینده، بانک و دفتر مرکزی بسته به اینکه محل صدور کجا بوده است)و بیمه نامه هایی که به صورت آنلاین یا از ویزامتریک صادر شده اند می بایست به دفتر مرکزی سامان تماس گیرند مدارک اعلام شود و موردشان بررسی شود.
3,تا چه زمانی برای ابطال بیمه نامه میتوان اقدام کرد؟اعتبار بیمه نامه های مسافرتی به چه صورت است؟,برای بیمه نامه های با مدت کمتر از 6ماه حداکثر تا 6 ماه پس از صدور بیمه نامه و برای بیمه نامه های 6ماهه و یکساله حداکثر تا 12ماه پس از صدور بیمه نامه مهلت ابطال و یا استفاده را دارند.
4,در صورتی که بیمه نامه ابطال شود آیا مبلغی کسر خواهد شد؟,طبق استعلام از واحد صدور برخی از آژانس ها ممکن است درصدی را کسر کنند -اگر آژانسی درصدی از مبلغ را کسر کرد جهت پیگیری و بررسی با شماره 8943 تماس بگیرند مورد بررسی شود.
5,در صورت ابطال بیمه مسافرتی وجه عودتی به حساب چه شخصی واریز می گردد؟,وجه عودتی به حساب بیمه شده عودت داده می شود.
مدارک خسارت بیمه مسافرتی,,
1,چه مدارکی جهت باز پرداخت خسارت لازم است؟,نامه پزشک یا گزارش بیمارستان، فاکتورهای پرداختی، بیمه نامه،کپی پاسپورت صفحه هویت و صفحاتی که مهر خروج و ورود در آن درج شده و درخواست کتبی شرح ماوقع بدهند چه اتفاقی افتاده و درخواست بدهد پول را به شماره شبای آنها واریز کنیم.
2,چه مدارکی در صورت تاخیر چمدان برای پرداخت خسارت لازم است؟,تاخیر بیشتر از 12 ساعت-چمدان و ساکی تحت پوشش است که حتما تگ check inخورده باشد،در 48 ساعت اولیه شخص باید خریدهای  ضروری اولیه مثل پوشاک ،خوراک را انجام دهد و حتما رسید خریدهای ضروری را نگه دارد(اگر خرید های ضروری را انجام ندهد به ایشان خسارتی تعلق نمیگیرید)،نامه از ایرلاین؛نامه از فرودگاه و رسیدهای پرداختی جهت پرداخت خسارت الزامی میباشد.اگردر بازه ی زمانی 21 روزه چمدان پیدا شود تاخیر تلقی میشود و از سقف تاخیر چمدان بر اساس رسیدهای هزینه ی ضروری پرداخت میشود.(در ضمن تاخیر تحویل بار فقط در صورتی پرداخت میشود که چمدان در مسیر رفت دیر تحویل داده شود)
3,چه مدارکی در صورت تاخیر هواپیما برای پرداخت خسارت لازم است؟,تاخیر بیش از 6 ساعت،نامه ی هواپیمایی،بلیط، رسید هزینه های ضروری شامل رسید مربوط به حمل و نقل و اقامت هتل تا مبلغ مندرج، بیمه نامه و پاسپورت
4,چه مدارکی در صورت گم شدن چمدان برای پرداخت خسارت لازم است؟,در صورت تاخیر بیش از 21 روز بار گم شده تلقی می شود و به ازای هرکیلوی چمدان 20 یورو پرداخت میگردد تا سقف مندرج در بیمه نامه محاسبه میگردد
5,برای بازگردادن جسد به ایران چه مدارکی لازم است؟,در وهله ی اول حتما با کمک رسان تماس بگیرد چون کمک رسان با شرکت های حمل جسد قرارداد دارد و مبلغ مناسب تری برای شخص بسته میشود تا اینکه خودشان بخواهند با شرکتهای حمل جسد هماهنگ کنند/گواهی فوت،علت فوت،پرونده ی بیمارستانی،فاکتورهای آماده سازی جسدو نامه ی مهمور از سفارتخانه الزامی میباشد.
6,پوشش های جدیدی که به بیمه های مسافرتی اضافه شده است مثل پوشش آتش سوزی منزل مسکونی و شکست موبایل آیا لازم است  قبل از سفر مدارکی به بیمه سامان ارایه دهند؟,خیر نیازی نیست-در صورت خسارت مدارک از ایشان درخواست می گردد.
ردیف,سوال,پاسخ
1, بیمه کیفیت محصول سامان چیست؟,"این بیمه 2 جنبه دارد
1- ارزش جایگزینی محصول را بدهیم
2-اگر محصول خراب شود و به شخص ثالث صدمه بزند خسارت بپردازیم.
محصولی که بیمه کیفیت میشود باید ویژگی های ذیل را داشته باشد
1-محصول باید ساخت داخل باشد
2-سازمان استاندارد کیفیت تایید کرده باشد
3-محصول منحصر به فرد باشد
بطور مثال در و پنجره ای که هولوگرام خاصی رویش هک شده باشد
در کل چون این بیمه ریسک و پراکندگی بالایی برای شرکت دارد چندان مورد استقبال شرکت نیست
"
2,برای دریافت نرخ وشرایط چه اقدامی از سوی متقاضی بیمه لازم است,فرم پیشنهاد تکمیل شده و تحویل به نمایندگی یا یکی از شعب شرکت
3,پرسشنامه برای دریافت نرخ و شرایط توسط چه کسی بایستی تکمیل گردد,شخص متقاضی بیمه 
4,مبنای محاسبه حق بیمه در بیمه نامه ساختمانی ,متراژواقعی پروژه و جمع نهائی تعهدات درخواستی 
5,مبنای محاسبه حق بیمه در بیمه نامه صنعتی بازرگانی و عمرانی ,ضریب نیروی کارنوع فعالیت و جمع نهائی تعهدات درخواستی
6,مبنای محاسبه حق بیمه در بیمه نامه کارفرمای ثالث ابنیه ,کارشناسی و ارزیابی
7,قاعده نسبی چیست؟,در صورتیکه اطلاعات صحیح پروژه از جمله متراژ و نفرات و سایر عوامل موثر  در تعیین حق بیمه صحیح اعلام نشود به هنگام بررسی خسارت به همان نسبت خسارت کاهش خواهد یافت
8,مهلت اعلام حادثه  چندروز است؟,5روز
9,درصورت عدم پرداخت حق بیمه به موقع طبق اعلام بدهکار هنگام وقوع خسارت چه رفتاری صورت خواهد گرفت,به همان میزان خسارت کاهش خواهد یافت
10,مطالبه تامین اجتماعی یعنی چه؟,درصورت فوت یا نقص عضو دائم و جزئی مبلغ درخواستی از سوی سازمان تامین اجتماعی تاسقف تعهد
11,مفهوم دیه دوم مازاد بردیه اول برای چه مواردی کاربر دارد,برای مواردی که نقص عضو بیش از یک دیه منجر شود
12,پوشش بدون رای دادگاه یعنی چه؟,پرداخت خسارت پس از احراز حادثه ناشی از کار توسط بیمه گر و کارشناسی انجام شده توسط وی پرداخت میگردد.
13,ارزیابی ریسک بیمه نامه ثالث ابنیه,براساس بازدید میدانی از املاک مجاور و سرمایه مورد درخواست تعیین میگردد
14,آیا خسارت به اتباع بیگانه پرداخت میگردد,فقط با مجوز کارو اقامت
15,خسارت کارگر زیاندیده زیر 15سال پرداخت میگردد,خیر
16,در با شگاههای ورزشی علاوه بر مسئولیت مدیر و مالک مسئولیت چه کسانی تحت پوشش است,مربیان با کارت و گواهی های مورد تائید فدراسیون و سازمان تربیت بدنی
17,در بیمه نامه مسئولیت مهدکودکها مسئولیت کارکنان و مربیان نیز تحت پوشش میباشد,بله
18,در بیمه نامه مسئولیت آسانسور مسئولیت چه کسانی تحت پوشش است,"سازنده,نصاب,مالک"
19,در مسئولیت پزشکان حق بیمه بر چه اساس تعیین میشود,گروه پزشکی و سرمایه
20,برای چه مشاغلی بیمه نامه عمرانی خریداری میگردد,راهسازی -پل سازی-ساخت ورزشگاه-پارکینگ طبقاتی-ساخت پالایشگاه اسکله سازی-حفرتونل-مترو-سدسازی-پروژه فاضلاب-نیروگاه-فرودگاه به طورکلی پروژه هایی که جهت عمران و آبادانی اجرا میگردند.
21,برای مشاغل بیمه نامه صنعتی خریداری میگردد,کارخانجات -مشاغل صنعتی-دامداری-مزارع-فروشندگی-اداری-تولیدی
22,خریداران بیمه نامه مسئولیت حرفه ای چه کسانی هستند,"افرادی که ممکن است در اثر حرفه آنان خساراتی به اشخاص ثالث وارد آید مثل مهندسان ,پزشکان ,پیراپزشکان آرایشگران و سردفترداران و...."
23,کارفرما کیست؟ ,شخصی است که کارگران را استخدام و متعهد پرداخت حقوق و مزایای ایشان است
24,مدارک مورد نیاز جهت پرداخت خسارت منجربه نقص عضو بدون رای دادگاه:,"فرم اعلام حادثه
تصویرفرم پیشنهادبیمه نامه(پرسشنامه)
تصویربيمه نامه صادره"
,,فرم اعلام حادثه
,,تصویرفرم پیشنهادبیمه نامه(پرسشنامه)
,,تصویربيمه نامه صادره.
,,الحاقیه/الحاقیه های صادره.
,,نامه درخواست مدارک و یا عدم تعهد.
,,تصویر مدارک شناسائی زيانديده.
,,تصویرقراردادکار 
,,تصویر لیست تامين اجتماعی بهمراه رسید دریافت دیسکت مربوط به ماه وقوع حادثه.
,,تصویربرابربا اصل مدارک درمانی
,,درخواست کتبی بيمه گذار مبنی بر رسیدگی به خسارت بدون رای دادگاه.
,,تصویربرابربا اصل گزارش بازرس کارویا گزارش کارشناس رسمی دادگستری رشته حوادث ناشی از کارطرف قرارداد با شرکت
,,تصویربرابربا اصل گزارش پزشکی قانونی و یا گزارش متخصص پزشکی قانونی معتمد شرکت و یاگزارش معاینه یا بازخوانی مدارک بیمارستانی مصدوم توسط پزشک معتمد متخصص قانونی طرف قرارداد با شرکت همراه با اظهار نظر پزشکی وی و تعیین میزان درصد نقص عضو،ارش و دیه متعلقه به مصدوم.
,,سایر مدارک مورد نیاز حسب نظر مدیریت بيمه های مسئولیت.
,,اصل رضایت محضری اخذ شده از زیاندیده.
25,مدارک مورد نیاز جهت پرداخت خسارت منجربه نقص عضو با رای دادگاه,تصویرفرم پیشنهادبیمه نامه(پرسشنامه)
,,تصویربيمه نامه صادره.
,,الحاقیه/الحاقیه های صادره.
,,گزارش کلانتری بهمراه صورتجلسه.
,,گزارش اورژانس.
,,نامه درخواست مدارک و یا عدم تعهد.
,,تصویر مدارک شناسائی زيانديده.
,,تصویرقراردادکارفی مابین متوفی با بیمه گذار(کارفرما)جهت اثبات رابطه کاری بین کارفرما و کارگر یا استشهاد محلی مبنی بر اشتغال متوفی در محیط کارکارفرمادر زمان وقوع حادثه .
,,تصویر لیست تامين اجتماعی بهمراه رسید دریافت دیسکت مربوط به ماه وقوع حادثه(برای کارفرما عمرانی و بازرگانی)
,,تصویر جوازساخت(برای کارفرما ساختمانی)
,,تصویربرابربا اصل مدارک بيمارستانی
,,تصویر برابر با اصل شکوائیه ذینفع.
,, تصویر برابر با اصل دفاعیه بيمه گذار.
,,تصویربرابربا اصل گزارش بازرس کارویا کارشناس رسمی دادگستری و درصورت لزوم گزارش هیئت سه نفره،پنج نفره و یا بیشتر.
,,تصویربرابربا اصل گزارش پزشکی قانونی .
,, تصویربرابربا اصل رای دادگاه.
,,سایر مدارک مورد نیاز حسب نظر مدیریت بيمه های مسئولیت.
,,اصل رضایت محضری اخذ شده از زیاندیده(درصورت پرداخت خسارت به زيانديده).
,,شماره حساب اجرای احکام(در صورت واریز وجه خسارت به حساب دادگاه).
,,تصویر فیش واریزی به حساب دادگاه(در صورت واریز وجه خسارت به حساب دادگاه).                                 
,,فرم اعلام حادثه
26,مدارک مورد نیاز جهت پرداخت خسارت منجربه فوت بدون رای دادگاه,
,,فرم اعلام حادثه(ثبت شده در دفتر اندیکاتور)
,,تصویرفرم پیشنهادبیمه نامه(پرسشنامه)
,,تصویربيمه نامه صادره.
,,الحاقیه/الحاقیه های صادره.
,,گزارش کلانتری بهمراه صورتجلسه.
,,گزارش اورژانس.
,,نامه درخواست مدارک و یا عدم تعهد.
,,تصویربرابربااصل مدارک شناسائی متوفی و وراث قانونی متوفی.
,,تصویرقراردادکارفی مابین متوفی با بیمه گذار(کارفرما)جهت اثبات رابطه کاری بین کارفرما و کارگر یا استشهاد محلی مبنی بر اشتغال متوفی در محیط کارکارفرمادر زمان وقوع حادثه .
,,تصویر لیست تامين اجتماعی بهمراه رسید دریافت دیسکت مربوط به ماه وقوع حادثه(برای کارفرما عمرانی و بازرگانی)
,,تصویر جوازساخت(برای کارفرما ساختمانی)
,,تصویربرابربا اصل مدارک بيمارستانی ( درصورت وجود)
,, تصویربرابربا اصل گزارش بازرس کارویا گزارش کارشناس رسمی دادگستری رشته حوادث ناشی از کار
,,تصویربرابربا اصل گزارش معاینه جسد
,,تصویربرابربا اصل گواهی وفات.
,, تصویربرابربا اصل جواز دفن.
,,تصویر گواهی انحصار وراثت نامحدود.
,,سایر مدارک مورد نیاز حسب نظر مدیریت بيمه های مسئولیت.
27,مدارک مورد نیاز جهت پرداخت خسارت منجربه فوت با رای دادگاه,تصویرفرم پیشنهادبیمه نامه(پرسشنامه)
,,تصویربيمه نامه صادره.
,,الحاقیه/الحاقیه های صادره.
,,گزارش کلانتری بهمراه صورتجلسه.
,,گزارش اورژانس.
,,نامه درخواست مدارک و یا عدم تعهد.
,,تصویربرابربااصل مدارک شناسائی متوفی و وراث قانونی متوفی.
,,تصویرقراردادکارفی مابین متوفی با بیمه گذار(کارفرما)جهت اثبات رابطه کاری بین کارفرما و کارگر یا استشهاد محلی مبنی بر اشتغال متوفی در محیط کارکارفرمادر زمان وقوع حادثه .
,,تصویر لیست تامين اجتماعی بهمراه رسید دریافت دیسکت مربوط به ماه وقوع حادثه(برای کارفرما عمرانی و بازرگانی)
,,تصویر جوازساخت(برای کارفرما ساختمانی)
,,تصویربرابربا اصل مدارک بيمارستانی ( درصورت وجود)
,, تصویربرابربااصل شکوائیه وراث متوفی.
,, تصویربرابربا اصل دفاعیه بيمه گذار.
,, تصویربرابربا اصل گزارش مقامات انتظامی(تحقیقات و بازجوئی).
,, تصویربرابربا اصل گزارش بازرس کارویا کارشناس رسمی دادگستری و درصورت لزوم گزارش هیئت سه نفره،پنج نفره و یا بیشتر.
,, تصویربرابربا اصل گزارش معاینه جسد
,,تصویربرابربا اصل گواهی وفات.
,, تصویربرابربا اصل جواز دفن.
,, تصویربرابربا اصل رای دادگاه.
,,تصویر گواهی انحصار وراثت نامحدود در صورت تاديه خسارت در وجه وراث متوفی.
,, اصل رضایتنامه محضری اخذ شده از ورثه متوفی (درصورت تاديه خسارت در وجه ایشان).
,, شماره حساب اجرای احکام.
,,سایر مدارک مورد نیاز حسب نظر مدیریت بيمه های مسئولیت.
,,تصویر فیش واریزی به حساب دادگاه.                                         
,,فرم اعلام حادثه(ثبت شده در دفتر اندیکاتور)
28,مدارک مورد نیاز جهت رسیدگی به خسارت پزشکان و پیراپزشکان ,
,,فرم اعلام حادثه
,,تصویرفرم پیشنهادبیمه نامه(پرسشنامه)
,,تصویربيمه نامه صادره.
,,الحاقیه/الحاقیه های صادره.
,,تصویر برابر با اصل اولین برگه اخطاریه به بیمه گذار.
,,نامه درخواست مدارک و یا عدم تعهد.
,,تصویر مدارک شناسائی زيانديده ویا متوفی.
,,تصویربرابربا اصل مدارک بيمارستانی.
,,تصویر برابر با اصل شکوائیه ذینفع.
,, تصویر برابر با اصل دفاعیه بيمه گذار.
,,تصویربرابربا اصل گزارش کمیسیون تخصصی پزشکی قانونی.
,, تصویربرابربا اصل رای دادگاه.
,,سایر مدارک مورد نیاز حسب نظر مدیریت بيمه های مسئولیت.
,, فرم صورت محاسبه خسارت تاييدشده توسط بالاترین مقام براساس حدود اختیارات تعیین شده و موردتاييد هیئت مدیره شرکت.
,, حواله خسارت با امضاء کارشناس و رئیس شعبه.
,, شماره حساب اجرای احکام(در صورت واریز وجه خسارت به حساب دادگاه).
,, تصویر فیش واریزی به حساب دادگاه(در صورت واریز وجه خسارت به حساب دادگاه).                                        
29,مدارک مورد نیاز جهت خسارت سازندگان ابنیه در قبال اشخاص ثالث ,طبق هماهنگی با کارشناس شعبه